{"content": {"suites": {"0": {"status": {"total_pass": 1, "total_skip": 0, "total_xpass": 0, "total_xfail": 0, "total_rerun": 0, "total_fail": 1, "total_error": 0}, "tests": {"0": {"status": "PASS", "message": "", "test_name": "test_validateLogo", "rerun": "0"}, "1": {"status": "FAIL", "message": "   AttributeError: 'Major_test' object has no attribute 'pizzahut_Order'\n", "test_name": "test_pizza", "rerun": "0"}}, "suite_name": "TestScript/testScript.py"}}}, "date": "March 21, 2023", "start_time": 1679376973.2641, "total_suite": 1, "status": "FAIL", "status_list": {"pass": "1", "fail": "1", "skip": "0", "error": "0", "xpass": "0", "xfail": "0", "rerun": "0"}, "total_tests": "2"}