{"content": {"suites": {"0": {"status": {"total_pass": 0, "total_skip": 0, "total_xpass": 0, "total_xfail": 0, "total_rerun": 0, "total_fail": 1, "total_error": 0}, "tests": {"0": {"status": "FAIL", "message": "   selenium.common.exceptions.ElementClickInterceptedException: Message: element click intercepted: Element <span>...</span> is not clickable at point (106, 369). Other element would receive the click: <div class=\"sv__point-question sv-col-question sv__point-text\">...</div>\n     (Session info: chrome=111.0.5563.65)\n   Stacktrace:\n   Backtrace:\n   \t(No symbol) [0x00C2DCE3]\n   \t(No symbol) [0x00BC39D1]\n   \t(No symbol) [0x00AD4DA8]\n   \t(No symbol) [0x00B052EA]\n   \t(No symbol) [0x00B03BBA]\n   \t(No symbol) [0x00B01EFB]\n   \t(No symbol) [0x00B01027]\n   \t(No symbol) [0x00AF8D05]\n   \t(No symbol) [0x00B1AECC]\n   \t(No symbol) [0x00AF8726]\n   \t(No symbol) [0x00B1B224]\n   \t(No symbol) [0x00B2D57C]\n   \t(No symbol) [0x00B1ACC6]\n   \t(No symbol) [0x00AF6F68]\n   \t(No symbol) [0x00AF80CD]\n   \tGetHandleVerifier [0x00EA3832+2506274]\n   \tGetHandleVerifier [0x00ED9794+2727300]\n   \tGetHandleVerifier [0x00EDE36C+2746716]\n   \tGetHandleVerifier [0x00CD6690+617600]\n   \t(No symbol) [0x00BCC712]\n   \t(No symbol) [0x00BD1FF8]\n   \t(No symbol) [0x00BD20DB]\n   \t(No symbol) [0x00BDC63B]\n   \tBaseThreadInitThunk [0x761200F9+25]\n   \tRtlGetAppContainerNamedObjectPath [0x77077BBE+286]\n   \tRtlGetAppContainerNamedObjectPath [0x77077B8E+238]\n", "test_name": "test_pizza", "rerun": "0"}}, "suite_name": "TestScript/testScript.py"}}}, "date": "March 21, 2023", "start_time": 1679379330.4555812, "total_suite": 1, "status": "FAIL", "status_list": {"pass": "0", "fail": "1", "skip": "0", "error": "0", "xpass": "0", "xfail": "0", "rerun": "0"}, "total_tests": "1"}