{"content": {"suites": {"0": {"status": {"total_pass": 3, "total_skip": 0, "total_xpass": 0, "total_xfail": 0, "total_rerun": 0, "total_fail": 1, "total_error": 0}, "tests": {"0": {"status": "PASS", "message": "", "test_name": "test_validateLogo", "rerun": "0"}, "1": {"status": "PASS", "message": "", "test_name": "test_Header_validate", "rerun": "0"}, "2": {"status": "PASS", "message": "", "test_name": "test_CampusLife", "rerun": "0"}, "3": {"status": "FAIL", "message": "   TypeError: gnu_validateNewsLater() missing 1 required positional argument: 'xpath2'\n", "test_name": "test_newsLater", "rerun": "0"}}, "suite_name": "TestScript/testScript.py"}}}, "date": "March 21, 2023", "start_time": 1679394584.3144572, "total_suite": 1, "status": "FAIL", "status_list": {"pass": "3", "fail": "1", "skip": "0", "error": "0", "xpass": "0", "xfail": "0", "rerun": "0"}, "total_tests": "4"}