{"content": {"suites": {"0": {"status": {"total_pass": 0, "total_skip": 0, "total_xpass": 0, "total_xfail": 0, "total_rerun": 0, "total_fail": 0, "total_error": 1}, "tests": {"0": {"status": "ERROR", "message": "request = <SubRequest 'multiBrowserTesting' for <Function test_validateLogo>>, params = {'browser': None}\n\n    @pytest.fixture(scope=\"class\")\n    def multiBrowserTesting(request, params):\n        print(\"Initiating chrome driver\")\n        driver=\"\"\n        if params['browser']==\"chrome\":\n            driver=webdriver.Chrome(service=Service(ChromeDriverManager().install()))\n        if params['browser']==\"firefox\":\n            driver=webdriver.Firefox(service=Service(GeckoDriverManager().install()))\n    \n        request.cls.driver=driver\n>       driver.implicitly_wait(10)\nE       AttributeError: 'str' object has no attribute 'implicitly_wait'\n\nTestScript\\conftest.py:45: AttributeError\n", "test_name": "test_validateLogo", "rerun": "0"}}, "suite_name": "TestScript/testScript.py"}}}, "date": "March 21, 2023", "start_time": 1679374063.9245975, "total_suite": 1, "status": "FAIL", "status_list": {"pass": "0", "fail": "0", "skip": "0", "error": "1", "xpass": "0", "xfail": "0", "rerun": "0"}, "total_tests": "1"}